{
  "train": {
    "accuracy": 0.8131111111111111,
    "precision": 0.7148817802503477,
    "recall": 0.25816172777498747,
    "f1_score": 0.3793357933579336,
    "roc_auc": 0.7299608564549891
  },
  "validation": {
    "accuracy": 0.8123333333333334,
    "precision": 0.7189542483660131,
    "recall": 0.24868123587038432,
    "f1_score": 0.36954087346024633,
    "roc_auc": 0.7242162684478213
  },
  "test": {
    "accuracy": 0.8108333333333333,
    "precision": 0.7016806722689075,
    "recall": 0.25169555388093445,
    "f1_score": 0.3704936217415419,
    "roc_auc": 0.7087395064497729
  }
}